{
  "timestamp": "2026-03-13T13:27:03.614021",
  "results": [
    {
      "model": "elyza-japanese-llama-2-13b-fast-instruct",
      "total": 75,
      "correct": 18,
      "accuracy": 0.24,
      "avg_time": 0.4884638245900472,
      "errors": 0
    }
  ]
}