{
  "timestamp": "2026-02-02T16:54:24.528070",
  "results": [
    {
      "model": "openai/gpt-oss-20b",
      "total": 75,
      "correct": 21,
      "accuracy": 0.28,
      "avg_time": 1.790430523554484,
      "errors": 0
    }
  ]
}