{
  "timestamp": "2026-03-13T10:54:56.704728",
  "results": [
    {
      "model": "medgemma-27b-text-it",
      "total": 75,
      "correct": 53,
      "accuracy": 0.7066666666666667,
      "avg_time": 0.8299074236551921,
      "errors": 0
    }
  ]
}