{
  "timestamp": "2026-03-13T10:58:22.128968",
  "results": [
    {
      "model": "medgemma-27b-text-it@q8_0",
      "total": 75,
      "correct": 52,
      "accuracy": 0.6933333333333334,
      "avg_time": 0.888390064239502,
      "errors": 0
    }
  ]
}