{
  "timestamp": "2026-03-13T11:42:13.567465",
  "results": [
    {
      "model": "mistralai/mistral-nemo-instruct-2407",
      "total": 75,
      "correct": 26,
      "accuracy": 0.3466666666666667,
      "avg_time": 0.8806900024414063,
      "errors": 0
    }
  ]
}