{
  "timestamp": "2026-02-02T16:45:51.729182",
  "results": [
    {
      "model": "qwen/qwen3-4b-2507",
      "total": 75,
      "correct": 43,
      "accuracy": 0.5733333333333334,
      "avg_time": 0.792846622467041,
      "errors": 0
    }
  ]
}